<ImportExportXml xmlns:xsi="http://www.w3.org/2001/XMLSchema-instance">
  <Entities></Entities>
  <Roles></Roles>
  <Workflows></Workflows>
  <FieldSecurityProfiles></FieldSecurityProfiles>
  <Templates />
  <EntityMaps />
  <EntityRelationships />
  <OrganizationSettings />
  <optionsets />
  <CustomControls />
  <EntityDataProviders />
  <CanvasApps>
    <CanvasApp>
      <Name>dio_appinstrutoreshabilitados_01bfb</Name>
      <AppVersion>2023-12-23T19:26:26Z</AppVersion>
      <Status>Ready</Status>
      <CreatedByClientVersion>3.23122.17.0</CreatedByClientVersion>
      <MinClientVersion>3.23122.17.0</MinClientVersion>
      <Tags>{"primaryDeviceWidth":"444","primaryDeviceHeight":"790","supportsPortrait":"true","supportsLandscape":"true","primaryFormFactor":"Web","showStatusBar":"false","publisherVersion":"3.23122.17","minimumRequiredApiVersion":"2.2.0","hasComponent":"false","hasUnlockedComponent":"false","isUnifiedRootApp":"false","offlineLargeFilesSupport":"false","sienaVersion":"20231223T184625Z-3.23122.17.0"}</Tags>
      <IsCdsUpgraded>0</IsCdsUpgraded>
      <GalleryItemId xsi:nil="true"></GalleryItemId>
      <BackgroundColor>RGBA(0,176,240,1)</BackgroundColor>
      <DisplayName>AppInstrutoresHabilitados</DisplayName>
      <Description xsi:nil="true"></Description>
      <CommitMessage xsi:nil="true"></CommitMessage>
      <Publisher xsi:nil="true"></Publisher>
      <AuthorizationReferences>[]</AuthorizationReferences>
      <ConnectionReferences>{}</ConnectionReferences>
      <DatabaseReferences>{"default.cds":{"databaseDetails":{"referenceType":"Environmental","environmentName":"default.cds","overrideValues":{"status":"NotSpecified","environmentVariableName":""}},"dataSources":{"cursos":{"entitySetName":"dio_cursos","logicalName":"dio_curso"},"Cursos x Professores":{"entitySetName":"dio_cursoxprofessoreses","logicalName":"dio_cursoxprofessores"},"Professores":{"entitySetName":"dio_professors","logicalName":"dio_professor"}}}}</DatabaseReferences>
      <AppComponents>[]</AppComponents>
      <AppComponentDependencies>[]</AppComponentDependencies>
      <CanConsumeAppPass>1</CanConsumeAppPass>
      <CanvasAppType>0</CanvasAppType>
      <BypassConsent>0</BypassConsent>
      <AdminControlBypassConsent>0</AdminControlBypassConsent>
      <EmbeddedApp xsi:nil="true"></EmbeddedApp>
      <IntroducedVersion>1.0</IntroducedVersion>
      <CdsDependencies>{"cdsdependencies":[{"logicalname":"dio_curso","componenttype":1},{"logicalname":"dio_cursoxprofessores","componenttype":1},{"logicalname":"dio_professor","componenttype":1}]}</CdsDependencies>
      <IsCustomizable>1</IsCustomizable>
      <BackgroundImageUri>/CanvasApps/dio_appinstrutoreshabilitados_01bfb_BackgroundImageUri</BackgroundImageUri>
      <DocumentUri>/CanvasApps/dio_appinstrutoreshabilitados_01bfb_DocumentUri.msapp</DocumentUri>
      <AdditionalUris>
        <AdditionalUri>/CanvasApps/dio_appinstrutoreshabilitados_01bfb_AdditionalUris0_identity.json</AdditionalUri>
      </AdditionalUris>
    </CanvasApp>
  </CanvasApps>
  <Languages>
    <Language>1046</Language>
  </Languages>
</ImportExportXml>